pipeline,resource,organisation,value,entity
region,,government-organisation:D303,E12000001,30100000
region,,government-organisation:D303,E12000002,30100001
region,,government-organisation:D303,E12000003,30100002
region,,government-organisation:D303,E12000004,30100003
region,,government-organisation:D303,E12000005,30100004
region,,government-organisation:D303,E12000006,30100005
region,,government-organisation:D303,E12000007,30100006
region,,government-organisation:D303,E12000008,30100007
region,,government-organisation:D303,E12000009,30100008
